,2025-03-23T20:09:01.174Z,AppointmentCreated,67e06a55495a5a45b597d2f1,processing,0,,
,,,,completed,0,2025-03-23T20:09:03.220Z,
,,,,completed,0,2025-03-23T20:26:02.836Z,
,,,,completed,0,2025-03-24T12:20:31.765Z,
,,,,completed,0,2025-03-24T13:42:56.540Z,
,,,,completed,0,2025-03-24T14:02:00.464Z,
,,,,completed,0,2025-03-24T14:04:55.700Z,
,,,,completed,0,2025-03-24T14:19:45.208Z,
,,,,completed,0,2025-03-24T14:21:54.735Z,
,,,,completed,0,2025-03-24T15:45:50.073Z,
,,,,completed,0,2025-03-24T15:54:54.076Z,
,,,,completed,0,2025-03-24T15:58:31.991Z,
,,,,completed,0,2025-03-24T16:32:04.412Z,
,,,,completed,0,2025-03-24T18:00:32.658Z,
,,,,completed,0,2025-03-24T18:26:44.544Z,
,,,,completed,0,2025-03-24T18:27:49.970Z,
AppointmentRescheduled_67d436b10d7fffa14b3deb04_1743601332503,2025-04-02T13:42:12.996Z,AppointmentRescheduled,67d436b10d7fffa14b3deb04,processing,0,,
AppointmentCreated_67ed407d6f311301f9f7db47_1743601795181,2025-04-02T13:49:55.764Z,AppointmentCreated,67ed407d6f311301f9f7db47,processing,0,,
AppointmentRescheduled_67e3f37ec021e28ca9aa61ae_1743606208895,2025-04-02T15:03:29.095Z,AppointmentRescheduled,67e3f37ec021e28ca9aa61ae,processing,0,,
AppointmentCanceled_67e3f37ec021e28ca9aa61a8_1743606224177,2025-04-02T15:03:44.177Z,AppointmentCanceled,67e3f37ec021e28ca9aa61a8,processing,0,,
AppointmentCanceled_67e3f37ec021e28ca9aa61a8_1743606224177,2025-04-02T15:03:44.857Z,,,failed,0,,"""Appointment 67e3f37ec021e28ca9aa61a8 not found for cancellation"""
AppointmentCreated_67ed56a18b6503138dfbc7da_1743607464048,2025-04-02T15:24:25.352Z,AppointmentCreated,67ed56a18b6503138dfbc7da,processing,0,,
AppointmentRescheduled_67ed56a18b6503138dfbc7da_1743607644236,2025-04-02T15:27:24.482Z,AppointmentRescheduled,67ed56a18b6503138dfbc7da,processing,0,,
AppointmentDeleted_67e1c9c15e421bb4bedb2fda_1743607700994,2025-04-02T15:28:20.994Z,AppointmentDeleted,67e1c9c15e421bb4bedb2fda,processing,0,,
AppointmentDeleted_67e1c9c15e421bb4bedb2fda_1743607700994,2025-04-02T15:28:22.370Z,,,completed,0,2025-04-02T15:28:22.370Z,
AppointmentDeleted_67cf615fdd39898e0ee57191_1743608145215,2025-04-02T15:35:45.608Z,AppointmentDeleted,67cf615fdd39898e0ee57191,processing,0,,
AppointmentDeleted_67eae4f00a35cf7bdc8a2fdd_1743616691753,2025-04-02T17:58:13.014Z,AppointmentDeleted,67eae4f00a35cf7bdc8a2fdd,processing,0,,
AppointmentCreated_67ed7ba19314dec191f513dd_1743616935905,2025-04-02T18:02:16.141Z,AppointmentCreated,67ed7ba19314dec191f513dd,processing,0,,
AppointmentCreated_67ed89d8226e852fe83c69b1_1743620575731,2025-04-02T19:02:58.226Z,AppointmentCreated,67ed89d8226e852fe83c69b1,processing,0,,
AppointmentDeleted_67843abc792091af908f6374_1743625268774,2025-04-02T20:21:09.211Z,AppointmentDeleted,67843abc792091af908f6374,processing,0,,
AppointmentCanceled_6737950931067273bb60b978_1743625301935,2025-04-02T20:21:41.935Z,AppointmentCanceled,6737950931067273bb60b978,processing,0,,
AppointmentCanceled_6737950931067273bb60b978_1743625301935,2025-04-02T20:21:42.619Z,,,failed,0,,"""Appointment 6737950931067273bb60b978 not found for cancellation"""
AppointmentCreated_67eda973226e852fe83d06e5_1743628665681,2025-04-02T21:17:46.082Z,AppointmentCreated,67eda973226e852fe83d06e5,processing,0,,
AppointmentCreated_67eda974226e852fe83d06eb_1743628666724,2025-04-02T21:17:46.724Z,AppointmentCreated,67eda974226e852fe83d06eb,completed,0,2025-04-02T21:17:52.348Z,
AppointmentCreated_67eda976226e852fe83d06fe_1743628668291,2025-04-02T21:17:48.291Z,AppointmentCreated,67eda976226e852fe83d06fe,completed,0,2025-04-02T21:17:52.341Z,
AppointmentCreated_67eda977226e852fe83d0710_1743628668740,2025-04-02T21:17:48.740Z,AppointmentCreated,67eda977226e852fe83d0710,completed,0,2025-04-02T21:17:52.334Z,
AppointmentCreated_67eda979226e852fe83d071d_1743628670820,2025-04-02T21:17:50.820Z,AppointmentCreated,67eda979226e852fe83d071d,completed,0,2025-04-02T21:17:52.331Z,
AppointmentCreated_67eda973226e852fe83d06de_1743628665673,2025-04-02T21:17:52.327Z,,,completed,0,2025-04-02T21:17:55.454Z,
AppointmentCreated_67eda977226e852fe83d0712_1743628669660,2025-04-02T21:17:54.431Z,,,completed,0,2025-04-02T21:17:54.431Z,
AppointmentCreated_67eda978226e852fe83d0717_1743628670589,2025-04-02T21:17:55.619Z,,,completed,0,2025-04-02T21:17:55.619Z,
AppointmentCreated_67edab4adf69d0619670f5b3_1743629136340,2025-04-02T21:25:36.675Z,AppointmentCreated,67edab4adf69d0619670f5b3,processing,0,,
AppointmentCreated_67edc1c2226e852fe83d5ff0_1743634889077,2025-04-02T23:01:29.476Z,AppointmentCreated,67edc1c2226e852fe83d5ff0,processing,0,,
AppointmentCreated_67ee80befb416c728067b3ee_1743683780264,2025-04-03T12:36:20.641Z,AppointmentCreated,67ee80befb416c728067b3ee,processing,0,,
AppointmentCanceled_67ee80befb416c728067b3ee_1743683795921,2025-04-03T12:36:35.921Z,AppointmentCanceled,67ee80befb416c728067b3ee,processing,0,,
AppointmentCanceled_67ee80befb416c728067b3ee_1743683795921,2025-04-03T12:36:37.447Z,,,completed,0,2025-04-03T12:36:37.447Z,
AppointmentCreated_67ee80f5ae1230592bab7465_1743683837876,2025-04-03T12:37:17.876Z,AppointmentCreated,67ee80f5ae1230592bab7465,processing,0,,
AppointmentCreated_67ee80f5ae1230592bab7465_1743683837876,2025-04-03T12:37:19.044Z,,,completed,0,2025-04-03T12:37:19.044Z,
AppointmentDeleted_67ee80f5ae1230592bab7465_1743683852728,2025-04-03T12:37:32.919Z,AppointmentDeleted,67ee80f5ae1230592bab7465,processing,0,,
AppointmentCreated_67ee812d052b92522ee75af9_1743683894715,2025-04-03T12:38:14.715Z,AppointmentCreated,67ee812d052b92522ee75af9,processing,0,,
AppointmentCreated_67ee812d052b92522ee75af9_1743683894715,2025-04-03T12:38:16.110Z,,,completed,0,2025-04-03T12:38:16.110Z,
AppointmentCreated_67ee8145052b92522ee75b43_1743683915831,2025-04-03T12:38:36.020Z,AppointmentCreated,67ee8145052b92522ee75b43,processing,0,,
AppointmentCreated_67ee8146052b92522ee75b46_1743683916317,2025-04-03T12:38:36.317Z,AppointmentCreated,67ee8146052b92522ee75b46,completed,0,2025-04-03T12:38:37.407Z,
AppointmentCreated_67ee8147052b92522ee75b49_1743683916960,2025-04-03T12:38:36.960Z,AppointmentCreated,67ee8147052b92522ee75b49,completed,0,2025-04-03T12:38:37.452Z,
AppointmentCreated_67ee8148052b92522ee75b53_1743683918090,2025-04-03T12:38:38.090Z,AppointmentCreated,67ee8148052b92522ee75b53,completed,0,2025-04-03T12:38:38.190Z,
AppointmentCreated_67ee8149052b92522ee75b5c_1743683919004,2025-04-03T12:38:39.004Z,AppointmentCreated,67ee8149052b92522ee75b5c,processing,0,,
AppointmentCreated_67ee8149052b92522ee75b5f_1743683919402,2025-04-03T12:38:39.402Z,AppointmentCreated,67ee8149052b92522ee75b5f,processing,0,,
AppointmentCreated_67ee814a052b92522ee75b66_1743683920029,2025-04-03T12:38:40.029Z,AppointmentCreated,67ee814a052b92522ee75b66,processing,0,,
AppointmentCreated_67ee8147052b92522ee75b4c_1743683917861,2025-04-03T12:38:40.927Z,,,completed,0,2025-04-03T12:38:40.927Z,
AppointmentCreated_67ee8149052b92522ee75b5c_1743683919004,2025-04-03T12:38:41.737Z,,,completed,0,2025-04-03T12:38:41.737Z,
AppointmentCreated_67ee814a052b92522ee75b66_1743683920029,2025-04-03T12:38:41.971Z,,,completed,0,2025-04-03T12:38:41.971Z,
AppointmentCreated_67ee8149052b92522ee75b5f_1743683919402,2025-04-03T12:38:42.655Z,,,completed,0,2025-04-03T12:38:42.655Z,
AppointmentCreated_67ee814a052b92522ee75b69_1743683920954,2025-04-03T12:38:44.986Z,,,completed,0,2025-04-03T12:38:44.986Z,
AppointmentDeleted_67ee8145052b92522ee75b43_1743684418839,2025-04-03T12:46:59.234Z,AppointmentDeleted,67ee8145052b92522ee75b43,processing,0,,
AppointmentDeleted_67ee8147052b92522ee75b49_1743684419824,2025-04-03T12:46:59.825Z,AppointmentDeleted,67ee8147052b92522ee75b49,completed,0,2025-04-03T12:47:09.570Z,
AppointmentDeleted_67ee8149052b92522ee75b5c_1743684421859,2025-04-03T12:47:01.859Z,AppointmentDeleted,67ee8149052b92522ee75b5c,completed,0,2025-04-03T12:47:09.618Z,
AppointmentDeleted_67ee814a052b92522ee75b69_1743684423922,2025-04-03T12:47:03.922Z,AppointmentDeleted,67ee814a052b92522ee75b69,failed,0,,"""Appointment 67ee8149052b92522ee75b5c not found for deletion"""
AppointmentDeleted_67ee8148052b92522ee75b53_1743684421238,2025-04-03T12:47:04.967Z,,,completed,0,2025-04-03T12:47:09.614Z,
AppointmentDeleted_67ee8146052b92522ee75b46_1743684418871,2025-04-03T12:47:09.620Z,,,completed,0,2025-04-03T12:47:09.620Z,
AppointmentDeleted_67ee8147052b92522ee75b4c_1743684420311,2025-04-03T12:47:10.880Z,,,completed,0,2025-04-03T12:47:10.880Z,
AppointmentDeleted_67ee812d052b92522ee75af9_1743684434691,2025-04-03T12:47:14.691Z,AppointmentDeleted,67ee812d052b92522ee75af9,processing,0,,
AppointmentDeleted_67ee812d052b92522ee75af9_1743684434691,2025-04-03T12:47:15.905Z,,,completed,0,2025-04-03T12:47:15.905Z,
AppointmentCreated_67ee89a9fb416c728067cf09_1743686066898,2025-04-03T13:14:27.296Z,AppointmentCreated,67ee89a9fb416c728067cf09,processing,0,,
AppointmentCreated_67eea5a9052b92522ee8491d_1743693231440,2025-04-03T15:13:52.851Z,AppointmentCreated,67eea5a9052b92522ee8491d,processing,0,,
AppointmentCreated_67eeae4ade432b67308efc9a_1743695443278,2025-04-03T15:50:43.807Z,AppointmentCreated,67eeae4ade432b67308efc9a,processing,0,,
AppointmentCanceled_67eeae4ade432b67308efc9a_1743695465536,2025-04-03T15:51:05.536Z,AppointmentCanceled,67eeae4ade432b67308efc9a,processing,0,,
AppointmentCanceled_67eeae4ade432b67308efc9a_1743695465536,2025-04-03T15:51:08.037Z,,,completed,0,2025-04-03T15:51:08.037Z,
AppointmentCreated_67eeae8e20716af76400d916_1743695508085,2025-04-03T15:51:48.404Z,AppointmentCreated,67eeae8e20716af76400d916,processing,0,,
AppointmentDeleted_67eeae8e20716af76400d916_1743695540705,2025-04-03T15:52:20.705Z,AppointmentDeleted,67eeae8e20716af76400d916,processing,0,,
AppointmentDeleted_67eeae8e20716af76400d916_1743695540705,2025-04-03T15:52:22.643Z,,,completed,0,2025-04-03T15:52:22.643Z,
AppointmentCreated_67eeaeca20716af76400dac7_1743695572441,2025-04-03T15:52:52.794Z,AppointmentCreated,67eeaeca20716af76400dac7,processing,0,,
AppointmentCreated_67eeaed65552e8a74d6b58b1_1743695580515,2025-04-03T15:53:00.515Z,AppointmentCreated,67eeaed65552e8a74d6b58b1,processing,0,,
AppointmentCreated_67eeaed75552e8a74d6b58b6_1743695581039,2025-04-03T15:53:01.039Z,AppointmentCreated,67eeaed75552e8a74d6b58b6,processing,0,,
AppointmentCreated_67eeaed65552e8a74d6b58b1_1743695580515,2025-04-03T15:53:01.216Z,,,completed,0,2025-04-03T15:53:01.216Z,
AppointmentCreated_67eeaed75552e8a74d6b58c1_1743695581754,2025-04-03T15:53:01.754Z,AppointmentCreated,67eeaed75552e8a74d6b58c1,processing,0,,
AppointmentCreated_67eeaed75552e8a74d6b58c1_1743695581754,2025-04-03T15:53:02.162Z,,,completed,0,2025-04-03T15:53:02.162Z,
AppointmentCreated_67eeaed75552e8a74d6b58b6_1743695581039,2025-04-03T15:53:02.085Z,,,completed,0,2025-04-03T15:53:02.085Z,
AppointmentCreated_67eeaed85552e8a74d6b58cd_1743695582619,2025-04-03T15:53:02.619Z,AppointmentCreated,67eeaed85552e8a74d6b58cd,processing,0,,
AppointmentCreated_67eeaed95552e8a74d6b58d3_1743695582665,2025-04-03T15:53:02.665Z,AppointmentCreated,67eeaed95552e8a74d6b58d3,processing,0,,
AppointmentCreated_67eeaed95552e8a74d6b58d7_1743695583074,2025-04-03T15:53:03.074Z,AppointmentCreated,67eeaed95552e8a74d6b58d7,processing,0,,
AppointmentCreated_67eeaed95552e8a74d6b58d3_1743695582665,2025-04-03T15:53:03.402Z,,,completed,0,2025-04-03T15:53:03.402Z,
AppointmentCreated_67eeaed85552e8a74d6b58cd_1743695582619,2025-04-03T15:53:03.472Z,,,completed,0,2025-04-03T15:53:03.472Z,
AppointmentCreated_67eeaed95552e8a74d6b58db_1743695583404,2025-04-03T15:53:03.404Z,AppointmentCreated,67eeaed95552e8a74d6b58db,processing,0,,
AppointmentCreated_67eeaed95552e8a74d6b58d7_1743695583074,2025-04-03T15:53:03.886Z,,,completed,0,2025-04-03T15:53:03.886Z,
AppointmentCreated_67eeaeda5552e8a74d6b58e1_1743695584428,2025-04-03T15:53:04.428Z,AppointmentCreated,67eeaeda5552e8a74d6b58e1,processing,0,,
AppointmentCreated_67eeaeda5552e8a74d6b58dd_1743695584333,2025-04-03T15:53:04.333Z,AppointmentCreated,67eeaeda5552e8a74d6b58dd,processing,0,,
AppointmentCreated_67eeaeda5552e8a74d6b58e1_1743695584428,2025-04-03T15:53:04.720Z,,,completed,0,2025-04-03T15:53:04.720Z,
AppointmentCreated_67eeaed95552e8a74d6b58db_1743695583404,2025-04-03T15:53:04.619Z,,,completed,0,2025-04-03T15:53:04.619Z,
AppointmentCreated_67eeaeda5552e8a74d6b58dd_1743695584333,2025-04-03T15:53:05.351Z,,,completed,0,2025-04-03T15:53:05.351Z,
AppointmentDeleted_67eeaed65552e8a74d6b58b1_1743695638975,2025-04-03T15:53:59.290Z,AppointmentDeleted,67eeaed65552e8a74d6b58b1,processing,0,,
AppointmentDeleted_67eeaed75552e8a74d6b58b6_1743695639898,2025-04-03T15:53:59.898Z,AppointmentDeleted,67eeaed75552e8a74d6b58b6,completed,0,2025-04-03T15:54:01.051Z,
AppointmentDeleted_67eeaed75552e8a74d6b58c1_1743695640267,2025-04-03T15:54:00.267Z,AppointmentDeleted,67eeaed75552e8a74d6b58c1,completed,0,2025-04-03T15:54:01.829Z,
AppointmentDeleted_67eeaed85552e8a74d6b58cd_1743695640867,2025-04-03T15:54:00.867Z,AppointmentDeleted,67eeaed85552e8a74d6b58cd,completed,0,2025-04-03T15:54:02.179Z,
AppointmentDeleted_67eeaed95552e8a74d6b58d3_1743695641803,2025-04-03T15:54:01.803Z,AppointmentDeleted,67eeaed95552e8a74d6b58d3,processing,0,,
AppointmentDeleted_67eeaed95552e8a74d6b58d7_1743695642224,2025-04-03T15:54:02.224Z,AppointmentDeleted,67eeaed95552e8a74d6b58d7,processing,0,,
AppointmentDeleted_67eeaed95552e8a74d6b58db_1743695642652,2025-04-03T15:54:02.653Z,AppointmentDeleted,67eeaed95552e8a74d6b58db,processing,0,,
AppointmentDeleted_67eeaed85552e8a74d6b58cd_1743695640867,2025-04-03T15:54:02.750Z,,,completed,0,2025-04-03T15:54:02.750Z,
AppointmentDeleted_67eeaed95552e8a74d6b58d7_1743695642224,2025-04-03T15:54:03.360Z,,,completed,0,2025-04-03T15:54:03.360Z,
AppointmentDeleted_67eeaeda5552e8a74d6b58dd_1743695643577,2025-04-03T15:54:03.577Z,AppointmentDeleted,67eeaeda5552e8a74d6b58dd,processing,0,,
AppointmentDeleted_67eeaed95552e8a74d6b58db_1743695642652,2025-04-03T15:54:04.018Z,,,completed,0,2025-04-03T15:54:04.018Z,
AppointmentDeleted_67eeaeda5552e8a74d6b58e1_1743695644006,2025-04-03T15:54:04.006Z,AppointmentDeleted,67eeaeda5552e8a74d6b58e1,processing,0,,
AppointmentDeleted_67eeaed95552e8a74d6b58d3_1743695641803,2025-04-03T15:54:04.078Z,,,completed,0,2025-04-03T15:54:04.078Z,
AppointmentDeleted_67eeaeda5552e8a74d6b58dd_1743695643577,2025-04-03T15:54:05.243Z,,,completed,0,2025-04-03T15:54:05.243Z,
AppointmentDeleted_67eeaeda5552e8a74d6b58e1_1743695644006,2025-04-03T15:54:07.842Z,,,completed,0,2025-04-03T15:54:07.842Z,
AppointmentDeleted_67eeaeca20716af76400dac7_1743695665825,2025-04-03T15:54:25.825Z,AppointmentDeleted,67eeaeca20716af76400dac7,processing,0,,
AppointmentDeleted_67eeaeca20716af76400dac7_1743695665825,2025-04-03T15:54:26.949Z,,,completed,0,2025-04-03T15:54:26.949Z,
AppointmentCreated_67eeb149ae1230592bacbd27_1743696206885,2025-04-03T16:03:27.804Z,AppointmentCreated,67eeb149ae1230592bacbd27,processing,0,,
AppointmentCreated_67eeb183ae1230592bacbf2b_1743696266105,2025-04-03T16:04:26.105Z,AppointmentCreated,67eeb183ae1230592bacbf2b,processing,0,,
AppointmentCreated_67eeb183ae1230592bacbf2b_1743696266105,2025-04-03T16:04:27.080Z,,,completed,0,2025-04-03T16:04:27.080Z,
AppointmentCreated_67eeb19dde432b67308f17ef_1743696291652,2025-04-03T16:04:51.762Z,AppointmentCreated,67eeb19dde432b67308f17ef,processing,0,,
AppointmentCreated_67eeb19cde432b67308f17e2_1743696291545,2025-04-03T16:04:51.721Z,AppointmentCreated,67eeb19cde432b67308f17e2,completed,0,2025-04-03T16:04:52.843Z,
AppointmentCreated_67eeb19ede432b67308f17f4_1743696292596,2025-04-03T16:04:52.596Z,AppointmentCreated,67eeb19ede432b67308f17f4,completed,0,2025-04-03T16:04:52.900Z,
AppointmentCreated_67eeb19fde432b67308f1800_1743696293230,2025-04-03T16:04:53.230Z,AppointmentCreated,67eeb19fde432b67308f1800,processing,0,,
AppointmentCreated_67eeb19fde432b67308f1800_1743696293230,2025-04-03T16:04:54.147Z,,,completed,0,2025-04-03T16:04:54.147Z,
AppointmentCreated_67eeb1a0de432b67308f1805_1743696294394,2025-04-03T16:04:54.394Z,AppointmentCreated,67eeb1a0de432b67308f1805,processing,0,,
AppointmentCreated_67eeb1a0de432b67308f1805_1743696294394,2025-04-03T16:04:54.916Z,,,completed,0,2025-04-03T16:04:54.916Z,
AppointmentCreated_67eeb1a1de432b67308f1810_1743696295087,2025-04-03T16:04:55.087Z,AppointmentCreated,67eeb1a1de432b67308f1810,processing,0,,
AppointmentCreated_67eeb1a1de432b67308f1810_1743696295087,2025-04-03T16:04:55.608Z,,,completed,0,2025-04-03T16:04:55.608Z,
AppointmentCreated_67eeb1a1de432b67308f1819_1743696296980,2025-04-03T16:04:56.980Z,AppointmentCreated,67eeb1a1de432b67308f1819,processing,0,,
AppointmentCreated_67eeb1a1de432b67308f1819_1743696296980,2025-04-03T16:04:57.627Z,,,completed,0,2025-04-03T16:04:57.627Z,
AppointmentCreated_67eeb1a2de432b67308f1821_1743696297507,2025-04-03T16:04:57.507Z,AppointmentCreated,67eeb1a2de432b67308f1821,processing,0,,
AppointmentCreated_67eeb1a2de432b67308f1821_1743696297507,2025-04-03T16:04:58.303Z,,,completed,0,2025-04-03T16:04:58.303Z,
AppointmentCreated_67eeb1a3de432b67308f182c_1743696297428,2025-04-03T16:04:58.382Z,,,completed,0,2025-04-03T16:04:58.382Z,
AppointmentCreated_67eeb1c320716af76400f472_1743696329219,2025-04-03T16:05:29.219Z,AppointmentCreated,67eeb1c320716af76400f472,processing,0,,
AppointmentCreated_67eeb1c320716af76400f472_1743696329219,2025-04-03T16:05:29.726Z,,,completed,0,2025-04-03T16:05:29.726Z,
AppointmentCreated_67eeb5d5fb416c728068aae3_1743697372955,2025-04-03T16:22:53.445Z,AppointmentCreated,67eeb5d5fb416c728068aae3,processing,0,,
AppointmentCanceled_67ee89a9fb416c728067cf09_1743697896843,2025-04-03T16:31:37.415Z,AppointmentCanceled,67ee89a9fb416c728067cf09,processing,0,,
AppointmentCanceled_67e5bc779c42f9b2f1ebf49a_1743703682029,2025-04-03T18:08:03.232Z,AppointmentCanceled,67e5bc779c42f9b2f1ebf49a,processing,0,,
AppointmentCreated_67eed709de432b67309064c0_1743705872007,2025-04-03T18:44:32.412Z,AppointmentCreated,67eed709de432b67309064c0,processing,0,,
AppointmentRescheduled_67770e773a5986ca76472ebd_1743706475065,2025-04-03T18:54:35.435Z,AppointmentRescheduled,67770e773a5986ca76472ebd,processing,0,,
AppointmentRescheduled_67770e773a5986ca76472ec0_1743706478042,2025-04-03T18:54:38.042Z,AppointmentRescheduled,67770e773a5986ca76472ec0,processing,0,,
AppointmentRescheduled_67770e773a5986ca76472ec0_1743706478042,2025-04-03T18:54:38.819Z,,,completed,0,2025-04-03T18:54:38.819Z,
AppointmentRescheduled_67770e773a5986ca76472ec3_1743706488172,2025-04-03T18:54:48.172Z,AppointmentRescheduled,67770e773a5986ca76472ec3,processing,0,,
AppointmentRescheduled_67770e773a5986ca76472ec3_1743706488172,2025-04-03T18:54:49.168Z,,,completed,0,2025-04-03T18:54:49.168Z,
AppointmentRescheduled_67e3f37ec021e28ca9aa61ae_1743706624422,2025-04-03T18:57:04.773Z,AppointmentRescheduled,67e3f37ec021e28ca9aa61ae,processing,0,,
AppointmentRescheduled_67e3f37fc021e28ca9aa61b1_1743706668931,2025-04-03T18:57:48.931Z,AppointmentRescheduled,67e3f37fc021e28ca9aa61b1,processing,0,,
AppointmentRescheduled_67e3f37fc021e28ca9aa61b1_1743706668931,2025-04-03T18:57:49.921Z,,,completed,0,2025-04-03T18:57:49.921Z,
Intake Submitted-form-625cc07f-ae20-447e-becc-0f3033bd9e3e--efdea355,2025-04-03T19:18:50.913Z,Intake Submitted,625cc07f-ae20-447e-becc-0f3033bd9e3e,processing,0,,
AppointmentRescheduled_671172a94568fc2792946a92_1743710135969,2025-04-03T19:55:37.291Z,AppointmentRescheduled,671172a94568fc2792946a92,processing,0,,
AppointmentDeleted_671172aa4568fc2792946a97_1743710170078,2025-04-03T19:56:10.078Z,AppointmentDeleted,671172aa4568fc2792946a97,processing,0,,
AppointmentDeleted_671172aa4568fc2792946aa0_1743710170451,2025-04-03T19:56:10.452Z,AppointmentDeleted,671172aa4568fc2792946aa0,processing,0,,
AppointmentDeleted_671172aa4568fc2792946aa0_1743710170451,2025-04-03T19:56:12.394Z,,,completed,0,2025-04-03T19:56:12.394Z,
AppointmentDeleted_671172ab4568fc2792946aa7_1743710172854,2025-04-03T19:56:12.854Z,AppointmentDeleted,671172ab4568fc2792946aa7,processing,0,,
AppointmentDeleted_671172ac4568fc2792946ab2_1743710174211,2025-04-03T19:56:14.211Z,AppointmentDeleted,671172ac4568fc2792946ab2,processing,0,,
AppointmentDeleted_671172ab4568fc2792946aa7_1743710172854,2025-04-03T19:56:14.673Z,,,completed,0,2025-04-03T19:56:14.673Z,
AppointmentDeleted_671172aa4568fc2792946a97_1743710170078,2025-04-03T19:56:14.794Z,,,completed,0,2025-04-03T19:56:14.794Z,
AppointmentDeleted_671172ad4568fc2792946ab7_1743710175174,2025-04-03T19:56:15.174Z,AppointmentDeleted,671172ad4568fc2792946ab7,processing,0,,
AppointmentDeleted_671172ac4568fc2792946ab5_1743710175171,2025-04-03T19:56:15.172Z,AppointmentDeleted,671172ac4568fc2792946ab5,processing,0,,
AppointmentDeleted_671172ae4568fc2792946abe_1743710175383,2025-04-03T19:56:15.383Z,AppointmentDeleted,671172ae4568fc2792946abe,processing,0,,
AppointmentDeleted_671172ae4568fc2792946ac1_1743710175386,2025-04-03T19:56:15.386Z,AppointmentDeleted,671172ae4568fc2792946ac1,processing,0,,
AppointmentDeleted_671172af4568fc2792946acc_1743710176320,2025-04-03T19:56:16.321Z,AppointmentDeleted,671172af4568fc2792946acc,processing,0,,
AppointmentDeleted_671172ac4568fc2792946ab2_1743710174211,2025-04-03T19:56:16.706Z,,,completed,0,2025-04-03T19:56:16.706Z,
AppointmentDeleted_671172b14568fc2792946ad5_1743710177432,2025-04-03T19:56:17.432Z,AppointmentDeleted,671172b14568fc2792946ad5,processing,0,,
AppointmentDeleted_671172b24568fc2792946ade_1743710178149,2025-04-03T19:56:18.149Z,AppointmentDeleted,671172b24568fc2792946ade,processing,0,,
AppointmentDeleted_671172ae4568fc2792946abe_1743710175383,2025-04-03T19:56:18.661Z,,,completed,0,2025-04-03T19:56:18.661Z,
AppointmentDeleted_671172b24568fc2792946ae6_1743710179325,2025-04-03T19:56:19.325Z,AppointmentDeleted,671172b24568fc2792946ae6,processing,0,,
AppointmentDeleted_671172b34568fc2792946aea_1743710179347,2025-04-03T19:56:19.347Z,AppointmentDeleted,671172b34568fc2792946aea,processing,0,,
AppointmentDeleted_671172ae4568fc2792946ac1_1743710175386,2025-04-03T19:56:20.330Z,,,completed,0,2025-04-03T19:56:20.330Z,
AppointmentDeleted_671172b44568fc2792946af2_1743710180460,2025-04-03T19:56:20.460Z,AppointmentDeleted,671172b44568fc2792946af2,processing,0,,
AppointmentDeleted_671172b54568fc2792946afe_1743710180667,2025-04-03T19:56:20.667Z,AppointmentDeleted,671172b54568fc2792946afe,processing,0,,
AppointmentDeleted_671172ac4568fc2792946ab5_1743710175171,2025-04-03T19:56:21.973Z,,,completed,0,2025-04-03T19:56:21.973Z,
AppointmentDeleted_671172b54568fc2792946b00_1743710183244,2025-04-03T19:56:23.244Z,AppointmentDeleted,671172b54568fc2792946b00,processing,0,,
AppointmentDeleted_671172b64568fc2792946b0a_1743710184261,2025-04-03T19:56:24.261Z,AppointmentDeleted,671172b64568fc2792946b0a,processing,0,,
AppointmentDeleted_671172b24568fc2792946ade_1743710178149,2025-04-03T19:56:24.731Z,,,completed,0,2025-04-03T19:56:24.731Z,
AppointmentDeleted_671172b74568fc2792946b14_1743710185207,2025-04-03T19:56:25.207Z,AppointmentDeleted,671172b74568fc2792946b14,processing,0,,
AppointmentDeleted_671172b74568fc2792946b27_1743710186426,2025-04-03T19:56:26.427Z,AppointmentDeleted,671172b74568fc2792946b27,processing,0,,
AppointmentDeleted_671172bc4568fc2792946b72_1743710191472,2025-04-03T19:56:31.472Z,AppointmentDeleted,671172bc4568fc2792946b72,processing,0,,
AppointmentDeleted_671172bc4568fc2792946b7a_1743710192646,2025-04-03T19:56:32.646Z,AppointmentDeleted,671172bc4568fc2792946b7a,completed,0,2025-04-03T19:56:40.418Z,
AppointmentDeleted_671172b74568fc2792946b27_1743710186426,2025-04-03T19:56:38.044Z,,,completed,0,2025-04-03T19:56:40.431Z,
AppointmentDeleted_671172b64568fc2792946b0a_1743710184261,2025-04-03T19:56:38.425Z,,,completed,0,2025-04-03T19:56:38.425Z,
AppointmentDeleted_671172b74568fc2792946b14_1743710185207,2025-04-03T19:56:38.820Z,,,completed,0,2025-04-03T19:56:38.820Z,
AppointmentDeleted_671172b44568fc2792946af2_1743710180460,2025-04-03T19:56:39.081Z,,,completed,0,2025-04-03T19:56:39.081Z,
AppointmentDeleted_671172b54568fc2792946afe_1743710180667,2025-04-03T19:56:39.463Z,,,completed,0,2025-04-03T19:56:39.463Z,
AppointmentDeleted_671172b84568fc2792946b2e_1743710187811,2025-04-03T19:56:40.191Z,,,completed,0,2025-04-03T19:56:40.191Z,
AppointmentDeleted_671172ba4568fc2792946b4e_1743710189162,2025-04-03T19:56:40.424Z,,,completed,0,2025-04-03T19:56:40.424Z,
AppointmentDeleted_671172bb4568fc2792946b6f_1743710190941,2025-04-03T19:56:41.057Z,,,completed,0,2025-04-03T19:56:41.057Z,
AppointmentDeleted_671172b94568fc2792946b38_1743710188024,2025-04-03T19:56:41.519Z,,,completed,0,2025-04-03T19:56:41.519Z,
AppointmentCanceled_67ceec96271133207e4e2139_1743711120880,2025-04-03T20:12:01.951Z,AppointmentCanceled,67ceec96271133207e4e2139,processing,0,,
AppointmentCreated_67eefb995552e8a74d6db7c6_1743715231041,2025-04-03T21:20:32.289Z,AppointmentCreated,67eefb995552e8a74d6db7c6,processing,0,,
AppointmentRescheduled_67e6accb734dec5128a99a0c_1743766370562,2025-04-04T11:32:52.206Z,AppointmentRescheduled,67e6accb734dec5128a99a0c,processing,0,,
AppointmentConfirmed_67ed407d6f311301f9f7db47_1743771451908,2025-04-04T12:57:33.416Z,AppointmentConfirmed,67ed407d6f311301f9f7db47,processing,0,,
AppointmentCreated_67efd962780d83720edfdeba_1743772009615,2025-04-04T13:06:50.903Z,AppointmentCreated,67efd962780d83720edfdeba,processing,0,,
AppointmentCreated_67efda7693019c7287976cb2_1743772284750,2025-04-04T13:11:24.975Z,AppointmentCreated,67efda7693019c7287976cb2,processing,0,,
AppointmentCanceled_67e6c824734dec5128aa5014_1743774102098,2025-04-04T13:41:43.994Z,AppointmentCanceled,67e6c824734dec5128aa5014,processing,0,,
AppointmentCreated_67eff58ed82a8f1df48c35bc_1743779220527,2025-04-04T15:07:02.374Z,AppointmentCreated,67eff58ed82a8f1df48c35bc,processing,0,,
AppointmentCreated_67eff914c3568782f4df2b9a_1743780122804,2025-04-04T15:22:04.653Z,AppointmentCreated,67eff914c3568782f4df2b9a,processing,0,,
Intake Submitted-form-4efb40ad-bdd5-4f5a-bb9a-898f3385a9a0--1869f86d,2025-04-04T18:41:34.916Z,Intake Submitted,4efb40ad-bdd5-4f5a-bb9a-898f3385a9a0,processing,0,,
AppointmentCreated_67f02ecff740706e982fd886_1743793879168,2025-04-04T19:11:20.569Z,AppointmentCreated,67f02ecff740706e982fd886,processing,0,,
AppointmentDeleted_67daf6bb52437ec64294e5e1_1743794171522,2025-04-04T19:16:11.904Z,AppointmentDeleted,67daf6bb52437ec64294e5e1,processing,0,,
AppointmentCreated_67f030f493019c728799b2cd_1743794426528,2025-04-04T19:20:27.533Z,AppointmentCreated,67f030f493019c728799b2cd,processing,0,,
AppointmentCreated_67f0444d93019c72879a1d56_1743799379403,2025-04-04T20:42:59.820Z,AppointmentCreated,67f0444d93019c72879a1d56,processing,0,,
AppointmentRescheduled_67d4608e0d7fffa14b3f11b4_1743799439982,2025-04-04T20:44:00.183Z,AppointmentRescheduled,67d4608e0d7fffa14b3f11b4,processing,0,,
AppointmentRescheduled_67786c2ce36b894a918f715b_1743804064379,2025-04-04T22:01:05.776Z,AppointmentRescheduled,67786c2ce36b894a918f715b,processing,0,,
AppointmentCreated_67f0585b750f5ea510e0a81c_1743804513905,2025-04-04T22:08:34.272Z,AppointmentCreated,67f0585b750f5ea510e0a81c,processing,0,,
AppointmentCreated_67f2cebeba7041d39930c889_1743965892495,2025-04-06T18:58:13.651Z,AppointmentCreated,67f2cebeba7041d39930c889,processing,0,,
AppointmentCanceled_678436a0534b5d16859d5354_1743970769330,2025-04-06T20:19:31.224Z,AppointmentCanceled,678436a0534b5d16859d5354,processing,0,,
AppointmentCreated_67f2e1de597dd44a0c923e57_1743970791278,2025-04-06T20:19:51.278Z,AppointmentCreated,67f2e1de597dd44a0c923e57,processing,0,,
AppointmentCreated_67f2e1de597dd44a0c923e57_1743970791278,2025-04-06T20:19:52.690Z,,,completed,0,2025-04-06T20:19:52.690Z,
Intake Submitted-form-ad93c552-fca1-497a-acce-53897b72e1be--29326b87,2025-04-06T20:53:01.566Z,Intake Submitted,ad93c552-fca1-497a-acce-53897b72e1be,processing,0,,
AppointmentConfirmed_67e9ed4d2b3408c941a1d0ad_1744026766796,2025-04-07T11:52:49.747Z,AppointmentConfirmed,67e9ed4d2b3408c941a1d0ad,processing,0,,
AppointmentConfirmed_67e59d749c42f9b2f1eb1758_1744026836355,2025-04-07T11:53:56.567Z,AppointmentConfirmed,67e59d749c42f9b2f1eb1758,processing,0,,
AppointmentConfirmed_67e93ec63511b61404dcfdff_1744026836329,2025-04-07T11:53:56.898Z,AppointmentConfirmed,67e93ec63511b61404dcfdff,completed,0,2025-04-07T11:53:58.893Z,
AppointmentConfirmed_67ea3768d61f8d5b1d62ff3a_1744026843312,2025-04-07T11:54:03.312Z,AppointmentConfirmed,67ea3768d61f8d5b1d62ff3a,processing,0,,
AppointmentConfirmed_67ea3768d61f8d5b1d62ff3a_1744026843312,2025-04-07T11:54:04.001Z,,,completed,0,2025-04-07T11:54:04.001Z,
AppointmentCreated_67f3bdfacd6afacf6e0d6dd0_1744027137101,2025-04-07T11:58:57.389Z,AppointmentCreated,67f3bdfacd6afacf6e0d6dd0,processing,0,,
AppointmentDeleted_67f3bdfacd6afacf6e0d6dd0_1744028139421,2025-04-07T12:15:39.730Z,AppointmentDeleted,67f3bdfacd6afacf6e0d6dd0,processing,0,,
AppointmentCreated_67f3c836c51ee80284b7d5bb_1744029756808,2025-04-07T12:43:58.884Z,AppointmentCreated,67f3c836c51ee80284b7d5bb,processing,0,,
AppointmentCreated_67f3da733e5fdfdeddb02e8c_1744034424847,2025-04-07T14:00:26.180Z,AppointmentCreated,67f3da733e5fdfdeddb02e8c,processing,0,,
AppointmentCanceled_679fdaae3d4b4147f6e2e93f_1744035145314,2025-04-07T14:12:26.386Z,AppointmentCanceled,679fdaae3d4b4147f6e2e93f,processing,0,,
AppointmentCreated_67f3f03c3e5fdfdeddb0f013_1744040002508,2025-04-07T15:33:22.735Z,AppointmentCreated,67f3f03c3e5fdfdeddb0f013,processing,0,,
AppointmentCreated_67f3f4c62a18db1beb4767b9_1744041164552,2025-04-07T15:52:44.921Z,AppointmentCreated,67f3f4c62a18db1beb4767b9,processing,0,,
AppointmentConfirmed_67f3da733e5fdfdeddb02e8c_1744041405529,2025-04-07T15:56:45.889Z,AppointmentConfirmed,67f3da733e5fdfdeddb02e8c,processing,0,,
AppointmentCreated_67f3f91f52090ea9d17d2fa1_1744042277964,2025-04-07T16:11:18.287Z,AppointmentCreated,67f3f91f52090ea9d17d2fa1,processing,0,,
AppointmentCanceled_67f3f91f52090ea9d17d2fa1_1744042327949,2025-04-07T16:12:07.949Z,AppointmentCanceled,67f3f91f52090ea9d17d2fa1,processing,0,,
AppointmentCanceled_67f3f91f52090ea9d17d2fa1_1744042327949,2025-04-07T16:12:09.441Z,,,completed,0,2025-04-07T16:12:09.441Z,
AppointmentConfirmed_67e69904df12d0bff49450b1_1744046368842,2025-04-07T17:19:29.142Z,AppointmentConfirmed,67e69904df12d0bff49450b1,processing,0,,
AppointmentConfirmed_67f3c836c51ee80284b7d5bb_1744047590434,2025-04-07T17:39:50.728Z,AppointmentConfirmed,67f3c836c51ee80284b7d5bb,processing,0,,
AppointmentRescheduled_67ed56a18b6503138dfbc7da_1744052710741,2025-04-07T19:05:11.655Z,AppointmentRescheduled,67ed56a18b6503138dfbc7da,processing,0,,
AppointmentCreated_67f437a752090ea9d17f5361_1744058285357,2025-04-07T20:38:07.028Z,AppointmentCreated,67f437a752090ea9d17f5361,processing,0,,
AppointmentCreated_67f438fcd11371496030f6d6_1744058627699,2025-04-07T20:43:48.169Z,AppointmentCreated,67f438fcd11371496030f6d6,processing,0,,
AppointmentCreated_67f43c3b52090ea9d17f7698_1744059457158,2025-04-07T20:57:38.869Z,AppointmentCreated,67f43c3b52090ea9d17f7698,processing,0,,
AppointmentCreated_67f4533dcd6afacf6e1206e9_1744065347944,2025-04-07T22:35:48.616Z,AppointmentCreated,67f4533dcd6afacf6e1206e9,processing,0,,
AppointmentRescheduled_67efd962780d83720edfdeba_1744071275261,2025-04-08T00:14:35.822Z,AppointmentRescheduled,67efd962780d83720edfdeba,processing,0,,
AppointmentRescheduled_67efd962780d83720edfdeba_1744071278090,2025-04-08T00:14:38.090Z,AppointmentRescheduled,67efd962780d83720edfdeba,processing,0,,
AppointmentRescheduled_67efd962780d83720edfdeba_1744071279044,2025-04-08T00:14:39.044Z,AppointmentRescheduled,67efd962780d83720edfdeba,processing,0,,
AppointmentRescheduled_67efd962780d83720edfdeba_1744071278090,2025-04-08T00:14:39.241Z,,,completed,0,2025-04-08T00:14:39.241Z,
AppointmentRescheduled_67efd962780d83720edfdeba_1744071279044,2025-04-08T00:14:39.404Z,,,failed,0,,"""Appointment is currently being processed by another operation"""
Intake Submitted-form-2fd9850f-f2e5-4e3d-9c34-bcb28d911dbe--a2b68ffc,2025-04-08T12:01:56.086Z,Intake Submitted,2fd9850f-f2e5-4e3d-9c34-bcb28d911dbe,processing,0,,
Intake Submitted-form-047b301a-116d-4d84-a1c9-f493f6c7d62f--e99f0dea,2025-04-08T12:09:04.588Z,Intake Submitted,047b301a-116d-4d84-a1c9-f493f6c7d62f,processing,0,,
AppointmentCreated_67f52fc8c81547892ed548cd_1744121806058,2025-04-08T14:16:46.776Z,AppointmentCreated,67f52fc8c81547892ed548cd,processing,0,,
AppointmentCreated_67f532ce3b4741358c928c7d_1744122580528,2025-04-08T14:29:40.811Z,AppointmentCreated,67f532ce3b4741358c928c7d,processing,0,,
AppointmentCanceled_67e69904df12d0bff49450b1_1744124658022,2025-04-08T15:04:18.381Z,AppointmentCanceled,67e69904df12d0bff49450b1,processing,0,,
AppointmentCreated_67f53b0fee5d6d5e81dd2647_1744124694532,2025-04-08T15:04:54.532Z,AppointmentCreated,67f53b0fee5d6d5e81dd2647,processing,0,,
AppointmentCreated_67f53b0fee5d6d5e81dd2647_1744124694532,2025-04-08T15:04:55.591Z,,,completed,0,2025-04-08T15:04:55.591Z,
AppointmentCreated_67f541d43b4741358c930ca5_1744126426335,2025-04-08T15:33:46.817Z,AppointmentCreated,67f541d43b4741358c930ca5,processing,0,,
AppointmentCreated_67f55197a671ba60e2e3d28e_1744130461572,2025-04-08T16:41:02.723Z,AppointmentCreated,67f55197a671ba60e2e3d28e,processing,0,,
AppointmentRescheduled_67e40fb2e317c9a0ae77af3a_1744131017687,2025-04-08T16:50:18.889Z,AppointmentRescheduled,67e40fb2e317c9a0ae77af3a,processing,0,,
Note Locked---36a26470,2025-04-08T17:08:37.375Z,Note Locked,,processing,0,,
Note Locked---aa38db10,2025-04-08T17:09:31.591Z,Note Locked,,processing,0,,
Note Locked---aa38db10,2025-04-08T17:09:31.990Z,,,failed,0,,"""Unsupported webhook type: Note Locked"""
Note Locked---aba591ed,2025-04-08T17:12:02.934Z,Note Locked,,processing,0,,
AppointmentCreated_67f55acc9d7c6729e3c79d81_1744132818298,2025-04-08T17:20:18.729Z,AppointmentCreated,67f55acc9d7c6729e3c79d81,processing,0,,
AppointmentCreated_67f55ae14901b6e3c48d4737_1744132840090,2025-04-08T17:20:40.090Z,AppointmentCreated,67f55ae14901b6e3c48d4737,processing,0,,
AppointmentCreated_67f55ae14901b6e3c48d4737_1744132840090,2025-04-08T17:20:41.060Z,,,completed,0,2025-04-08T17:20:41.060Z,
AppointmentCreated_67f55af7a671ba60e2e41ff9_1744132865385,2025-04-08T17:21:05.385Z,AppointmentCreated,67f55af7a671ba60e2e41ff9,processing,0,,
AppointmentCreated_67f55af7a671ba60e2e41ff9_1744132865385,2025-04-08T17:21:06.316Z,,,completed,0,2025-04-08T17:21:06.316Z,
AppointmentCreated_67f55b1c3b4741358c93d9ba_1744132897950,2025-04-08T17:21:38.200Z,AppointmentCreated,67f55b1c3b4741358c93d9ba,processing,0,,
AppointmentCreated_67f55b2d9d7c6729e3c7a05d_1744132915652,2025-04-08T17:21:55.652Z,AppointmentCreated,67f55b2d9d7c6729e3c7a05d,processing,0,,
AppointmentCreated_67f55b2d9d7c6729e3c7a05d_1744132915652,2025-04-08T17:21:56.391Z,,,completed,0,2025-04-08T17:21:56.391Z,
AppointmentCreated_67f55b3fc81547892ed6b0ae_1744132932955,2025-04-08T17:22:12.955Z,AppointmentCreated,67f55b3fc81547892ed6b0ae,processing,0,,
AppointmentCreated_67f55b3fc81547892ed6b0ae_1744132932955,2025-04-08T17:22:13.750Z,,,completed,0,2025-04-08T17:22:13.750Z,
AppointmentCreated_67f55b530775dddcaa1b705e_1744132954111,2025-04-08T17:22:34.111Z,AppointmentCreated,67f55b530775dddcaa1b705e,processing,0,,
AppointmentCreated_67f55b530775dddcaa1b705e_1744132954111,2025-04-08T17:22:34.781Z,,,completed,0,2025-04-08T17:22:34.781Z,
AppointmentCreated_67f55b6f3b4741358c93dc4a_1744132980613,2025-04-08T17:23:00.834Z,AppointmentCreated,67f55b6f3b4741358c93dc4a,processing,0,,
AppointmentCreated_67f55b8fee5d6d5e81dddcde_1744133013981,2025-04-08T17:23:33.981Z,AppointmentCreated,67f55b8fee5d6d5e81dddcde,processing,0,,
AppointmentCreated_67f55b8fee5d6d5e81dddcde_1744133013981,2025-04-08T17:23:34.737Z,,,completed,0,2025-04-08T17:23:34.737Z,
AppointmentCreated_67f55badc81547892ed6b40f_1744133042988,2025-04-08T17:24:03.154Z,AppointmentCreated,67f55badc81547892ed6b40f,processing,0,,
AppointmentCreated_67f55bbda671ba60e2e425e4_1744133059669,2025-04-08T17:24:19.669Z,AppointmentCreated,67f55bbda671ba60e2e425e4,processing,0,,
AppointmentCreated_67f55bbda671ba60e2e425e4_1744133059669,2025-04-08T17:24:20.389Z,,,completed,0,2025-04-08T17:24:20.389Z,
AppointmentCreated_67f55bbfaf48a45257900223_1744133061019,2025-04-08T17:24:21.019Z,AppointmentCreated,67f55bbfaf48a45257900223,processing,0,,
AppointmentCreated_67f55bbfaf48a45257900223_1744133061019,2025-04-08T17:24:21.639Z,,,completed,0,2025-04-08T17:24:21.639Z,
AppointmentCreated_67f55bcc0775dddcaa1b7407_1744133074739,2025-04-08T17:24:34.739Z,AppointmentCreated,67f55bcc0775dddcaa1b7407,processing,0,,
AppointmentCreated_67f55bcc0775dddcaa1b7407_1744133074739,2025-04-08T17:24:35.475Z,,,completed,0,2025-04-08T17:24:35.475Z,
AppointmentCreated_67f55bda9d7c6729e3c7a5e5_1744133088572,2025-04-08T17:24:48.573Z,AppointmentCreated,67f55bda9d7c6729e3c7a5e5,processing,0,,
AppointmentCreated_67f55bda9d7c6729e3c7a5e5_1744133088572,2025-04-08T17:24:49.262Z,,,completed,0,2025-04-08T17:24:49.262Z,
AppointmentCreated_67f55be8c81547892ed6b5ac_1744133102274,2025-04-08T17:25:02.274Z,AppointmentCreated,67f55be8c81547892ed6b5ac,processing,0,,
AppointmentCreated_67f55be8c81547892ed6b5ac_1744133102274,2025-04-08T17:25:03.014Z,,,completed,0,2025-04-08T17:25:03.014Z,
AppointmentCreated_67f55bf8c81547892ed6b629_1744133118530,2025-04-08T17:25:18.838Z,AppointmentCreated,67f55bf8c81547892ed6b629,processing,0,,
AppointmentCreated_67f564dbaf48a45257901ad9_1744135393437,2025-04-08T18:03:13.952Z,AppointmentCreated,67f564dbaf48a45257901ad9,processing,0,,
AppointmentRescheduled_67f564dbaf48a45257901ad9_1744135407889,2025-04-08T18:03:27.889Z,AppointmentRescheduled,67f564dbaf48a45257901ad9,processing,0,,
AppointmentRescheduled_67f564dbaf48a45257901ad9_1744135407889,2025-04-08T18:03:28.998Z,,,completed,0,2025-04-08T18:03:28.998Z,
AppointmentRescheduled_67f564dbaf48a45257901ad9_1744135417137,2025-04-08T18:03:37.137Z,AppointmentRescheduled,67f564dbaf48a45257901ad9,processing,0,,
AppointmentRescheduled_67f564dbaf48a45257901ad9_1744135417137,2025-04-08T18:03:37.891Z,,,completed,0,2025-04-08T18:03:37.891Z,
AppointmentCanceled_67ec36d4ed453e9e8cb95de2_1744135428423,2025-04-08T18:03:48.423Z,AppointmentCanceled,67ec36d4ed453e9e8cb95de2,processing,0,,
AppointmentCanceled_67ec36d4ed453e9e8cb95de2_1744135428423,2025-04-08T18:03:49.901Z,,,completed,0,2025-04-08T18:03:49.901Z,
AppointmentDeleted_67ec36d4ed453e9e8cb95de2_1744135449487,2025-04-08T18:04:09.488Z,AppointmentDeleted,67ec36d4ed453e9e8cb95de2,processing,0,,
AppointmentDeleted_67ec36d4ed453e9e8cb95dea_1744135449912,2025-04-08T18:04:09.913Z,AppointmentDeleted,67ec36d4ed453e9e8cb95dea,processing,0,,
AppointmentDeleted_67ec36d5ed453e9e8cb95df0_1744135450313,2025-04-08T18:04:10.313Z,AppointmentDeleted,67ec36d5ed453e9e8cb95df0,processing,0,,
AppointmentDeleted_67ec36d4ed453e9e8cb95dea_1744135449912,2025-04-08T18:04:11.193Z,,,completed,0,2025-04-08T18:04:11.193Z,
AppointmentDeleted_67ec36d5ed453e9e8cb95df0_1744135450313,2025-04-08T18:04:11.565Z,,,completed,0,2025-04-08T18:04:11.565Z,
AppointmentDeleted_67ec36d4ed453e9e8cb95de2_1744135449487,2025-04-08T18:04:13.883Z,,,completed,0,2025-04-08T18:04:13.883Z,
AppointmentCreated_67f566fd3b4741358c94436a_1744135940011,2025-04-08T18:12:21.185Z,AppointmentCreated,67f566fd3b4741358c94436a,processing,0,,
AppointmentCanceled_67c03922c87d44c7f489a37f_1744137605443,2025-04-08T18:40:06.632Z,AppointmentCanceled,67c03922c87d44c7f489a37f,processing,0,,
AppointmentConfirmed_67f55acc9d7c6729e3c79d81_1744137876247,2025-04-08T18:44:36.439Z,AppointmentConfirmed,67f55acc9d7c6729e3c79d81,processing,0,,
AppointmentConfirmed_67f55ae14901b6e3c48d4737_1744137883817,2025-04-08T18:44:43.817Z,AppointmentConfirmed,67f55ae14901b6e3c48d4737,processing,0,,
AppointmentConfirmed_67f55ae14901b6e3c48d4737_1744137883817,2025-04-08T18:44:44.464Z,,,completed,0,2025-04-08T18:44:44.464Z,
AppointmentConfirmed_67f55badc81547892ed6b40f_1744137895126,2025-04-08T18:44:55.126Z,AppointmentConfirmed,67f55badc81547892ed6b40f,processing,0,,
AppointmentConfirmed_67f55badc81547892ed6b40f_1744137895126,2025-04-08T18:44:55.750Z,,,completed,0,2025-04-08T18:44:55.750Z,
AppointmentConfirmed_67f55af7a671ba60e2e41ff9_1744137901494,2025-04-08T18:45:01.494Z,AppointmentConfirmed,67f55af7a671ba60e2e41ff9,processing,0,,
AppointmentConfirmed_67f55af7a671ba60e2e41ff9_1744137901494,2025-04-08T18:45:02.138Z,,,completed,0,2025-04-08T18:45:02.138Z,
AppointmentConfirmed_67f55be8c81547892ed6b5ac_1744137906999,2025-04-08T18:45:07.000Z,AppointmentConfirmed,67f55be8c81547892ed6b5ac,processing,0,,
AppointmentConfirmed_67f55be8c81547892ed6b5ac_1744137906999,2025-04-08T18:45:07.633Z,,,completed,0,2025-04-08T18:45:07.633Z,
AppointmentConfirmed_67f55b1c3b4741358c93d9ba_1744137919322,2025-04-08T18:45:19.323Z,AppointmentConfirmed,67f55b1c3b4741358c93d9ba,processing,0,,
AppointmentConfirmed_67f55b1c3b4741358c93d9ba_1744137919322,2025-04-08T18:45:20.025Z,,,completed,0,2025-04-08T18:45:20.025Z,
AppointmentConfirmed_67f55b2d9d7c6729e3c7a05d_1744137930307,2025-04-08T18:45:30.307Z,AppointmentConfirmed,67f55b2d9d7c6729e3c7a05d,processing,0,,
AppointmentConfirmed_67f55b2d9d7c6729e3c7a05d_1744137930307,2025-04-08T18:45:31.021Z,,,completed,0,2025-04-08T18:45:31.021Z,
AppointmentConfirmed_67f55b3fc81547892ed6b0ae_1744137938629,2025-04-08T18:45:38.800Z,AppointmentConfirmed,67f55b3fc81547892ed6b0ae,processing,0,,
AppointmentConfirmed_67f55bbfaf48a45257900223_1744137944472,2025-04-08T18:45:44.472Z,AppointmentConfirmed,67f55bbfaf48a45257900223,processing,0,,
AppointmentConfirmed_67f55bbfaf48a45257900223_1744137944472,2025-04-08T18:45:45.596Z,,,completed,0,2025-04-08T18:45:45.596Z,
AppointmentConfirmed_67f55b530775dddcaa1b705e_1744137950173,2025-04-08T18:45:50.173Z,AppointmentConfirmed,67f55b530775dddcaa1b705e,processing,0,,
AppointmentConfirmed_67f55b530775dddcaa1b705e_1744137950173,2025-04-08T18:45:50.789Z,,,completed,0,2025-04-08T18:45:50.789Z,
AppointmentConfirmed_67f55bf8c81547892ed6b629_1744137956795,2025-04-08T18:45:56.795Z,AppointmentConfirmed,67f55bf8c81547892ed6b629,processing,0,,
AppointmentConfirmed_67f55bf8c81547892ed6b629_1744137956795,2025-04-08T18:45:57.348Z,,,completed,0,2025-04-08T18:45:57.348Z,
AppointmentConfirmed_67f55b6f3b4741358c93dc4a_1744137965205,2025-04-08T18:46:05.205Z,AppointmentConfirmed,67f55b6f3b4741358c93dc4a,processing,0,,
AppointmentConfirmed_67f55b6f3b4741358c93dc4a_1744137965205,2025-04-08T18:46:05.811Z,,,completed,0,2025-04-08T18:46:05.811Z,
AppointmentConfirmed_67f55b8fee5d6d5e81dddcde_1744137973722,2025-04-08T18:46:13.722Z,AppointmentConfirmed,67f55b8fee5d6d5e81dddcde,processing,0,,
AppointmentConfirmed_67f55b8fee5d6d5e81dddcde_1744137973722,2025-04-08T18:46:14.327Z,,,completed,0,2025-04-08T18:46:14.327Z,
AppointmentConfirmed_67f55bbda671ba60e2e425e4_1744137978828,2025-04-08T18:46:18.828Z,AppointmentConfirmed,67f55bbda671ba60e2e425e4,processing,0,,
AppointmentConfirmed_67f55bbda671ba60e2e425e4_1744137978828,2025-04-08T18:46:19.514Z,,,completed,0,2025-04-08T18:46:19.514Z,
AppointmentConfirmed_67f55bcc0775dddcaa1b7407_1744137984714,2025-04-08T18:46:24.714Z,AppointmentConfirmed,67f55bcc0775dddcaa1b7407,processing,0,,
AppointmentConfirmed_67f55bcc0775dddcaa1b7407_1744137984714,2025-04-08T18:46:25.333Z,,,completed,0,2025-04-08T18:46:25.333Z,
AppointmentConfirmed_67f55bda9d7c6729e3c7a5e5_1744137990985,2025-04-08T18:46:30.985Z,AppointmentConfirmed,67f55bda9d7c6729e3c7a5e5,processing,0,,
AppointmentConfirmed_67f55bda9d7c6729e3c7a5e5_1744137990985,2025-04-08T18:46:31.577Z,,,completed,0,2025-04-08T18:46:31.577Z,
AppointmentCreated_67f586acaf48a45257907aaa_1744144050723,2025-04-08T20:27:31.826Z,AppointmentCreated,67f586acaf48a45257907aaa,processing,0,,
AppointmentCreated_67f59df74901b6e3c48f61e3_1744150013479,2025-04-08T22:06:55.153Z,AppointmentCreated,67f59df74901b6e3c48f61e3,processing,0,,
Intake Submitted-form-265ec5bc-5131-4627-9876-f1aac587baf7--36c80dc7,2025-04-08T23:19:07.541Z,Intake Submitted,265ec5bc-5131-4627-9876-f1aac587baf7,processing,0,,
AppointmentCreated_67f5bce53b4741358c967af2_1744157931120,2025-04-09T00:18:52.741Z,AppointmentCreated,67f5bce53b4741358c967af2,processing,0,,
AppointmentCreated_67f6aa81e647d7b5bdcd2786_1744218768119,2025-04-09T17:12:49.542Z,AppointmentCreated,67f6aa81e647d7b5bdcd2786,processing,0,,
AppointmentCreated_67f6ab25a97e420e7c0d6316_1744218923513,2025-04-09T17:15:23.735Z,AppointmentCreated,67f6ab25a97e420e7c0d6316,processing,0,,
AppointmentDeleted_6786d2a0506488a40110f6d7_1744218976488,2025-04-09T17:16:16.488Z,AppointmentDeleted,6786d2a0506488a40110f6d7,processing,0,,
AppointmentDeleted_6786d2a1506488a40110f6dc_1744218977161,2025-04-09T17:16:17.161Z,AppointmentDeleted,6786d2a1506488a40110f6dc,processing,0,,
AppointmentDeleted_6786d2a2506488a40110f6df_1744218978138,2025-04-09T17:16:18.139Z,AppointmentDeleted,6786d2a2506488a40110f6df,processing,0,,
AppointmentDeleted_6786d2a2506488a40110f6e3_1744218978560,2025-04-09T17:16:18.560Z,AppointmentDeleted,6786d2a2506488a40110f6e3,processing,0,,
AppointmentDeleted_6786d2a0506488a40110f6d7_1744218976488,2025-04-09T17:16:19.011Z,,,completed,0,2025-04-09T17:16:19.011Z,
AppointmentDeleted_6786d2a3506488a40110f6e6_1744218979119,2025-04-09T17:16:19.119Z,AppointmentDeleted,6786d2a3506488a40110f6e6,processing,0,,
AppointmentDeleted_6786d2a4506488a40110f6ed_1744218979791,2025-04-09T17:16:19.791Z,AppointmentDeleted,6786d2a4506488a40110f6ed,processing,0,,
AppointmentDeleted_6786d2a2506488a40110f6df_1744218978138,2025-04-09T17:16:20.495Z,,,completed,0,2025-04-09T17:16:20.495Z,
AppointmentDeleted_6786d2a6506488a40110f705_1744218981067,2025-04-09T17:16:21.067Z,AppointmentDeleted,6786d2a6506488a40110f705,processing,0,,
AppointmentDeleted_6786d2a3506488a40110f6e6_1744218979119,2025-04-09T17:16:21.783Z,,,completed,0,2025-04-09T17:16:21.783Z,
AppointmentDeleted_6786d2a2506488a40110f6e3_1744218978560,2025-04-09T17:16:22.001Z,,,completed,0,2025-04-09T17:16:22.001Z,
AppointmentDeleted_6786d2a4506488a40110f6ed_1744218979791,2025-04-09T17:16:23.866Z,,,completed,0,2025-04-09T17:16:23.866Z,
AppointmentDeleted_6786d2a5506488a40110f6f2_1744218980746,2025-04-09T17:16:24.199Z,,,completed,0,2025-04-09T17:16:24.199Z,
AppointmentDeleted_6786d2a6506488a40110f705_1744218981067,2025-04-09T17:16:24.409Z,,,completed,0,2025-04-09T17:16:24.409Z,
AppointmentDeleted_6786d2a7506488a40110f70d_1744218981894,2025-04-09T17:16:24.936Z,,,completed,0,2025-04-09T17:16:24.936Z,
AppointmentDeleted_6786d29f506488a40110f6d2_1744218989064,2025-04-09T17:16:29.217Z,AppointmentDeleted,6786d29f506488a40110f6d2,processing,0,,
AppointmentCreated_67f6abcba26f0a6a730193be_1744219089790,2025-04-09T17:18:10.276Z,AppointmentCreated,67f6abcba26f0a6a730193be,processing,0,,
AppointmentCreated_67f6abcca26f0a6a730193ca_1744219090586,2025-04-09T17:18:10.586Z,AppointmentCreated,67f6abcca26f0a6a730193ca,completed,0,2025-04-09T17:18:11.712Z,
AppointmentCreated_67f6abcda26f0a6a730193d2_1744219091250,2025-04-09T17:18:11.250Z,AppointmentCreated,67f6abcda26f0a6a730193d2,completed,0,2025-04-09T17:18:11.862Z,
AppointmentCreated_67f6abcea26f0a6a730193d8_1744219092324,2025-04-09T17:18:12.324Z,AppointmentCreated,67f6abcea26f0a6a730193d8,completed,0,2025-04-09T17:18:12.515Z,
AppointmentCreated_67f6abcea26f0a6a730193d8_1744219092324,2025-04-09T17:18:13.566Z,,,completed,0,2025-04-09T17:18:13.566Z,
AppointmentCanceled_67f3da733e5fdfdeddb02e8c_1744219839187,2025-04-09T17:30:39.586Z,AppointmentCanceled,67f3da733e5fdfdeddb02e8c,processing,0,,
AppointmentCreated_67f6aecb5c2c0d4297c5925b_1744219856957,2025-04-09T17:30:56.958Z,AppointmentCreated,67f6aecb5c2c0d4297c5925b,processing,0,,
AppointmentCreated_67f6aecb5c2c0d4297c5925b_1744219856957,2025-04-09T17:30:57.869Z,,,completed,0,2025-04-09T17:30:57.869Z,
AppointmentCanceled_671172a44568fc2792946a58_1744219894968,2025-04-09T17:31:34.968Z,AppointmentCanceled,671172a44568fc2792946a58,processing,0,,
AppointmentCanceled_671172a44568fc2792946a58_1744219894968,2025-04-09T17:31:40.024Z,,,completed,0,2025-04-09T17:31:40.024Z,
AppointmentCreated_67f6af0a5f697dc8fc593d8f_1744219920368,2025-04-09T17:32:01.255Z,AppointmentCreated,67f6af0a5f697dc8fc593d8f,processing,0,,
AppointmentCanceled_67f3f03c3e5fdfdeddb0f013_1744219959812,2025-04-09T17:32:39.813Z,AppointmentCanceled,67f3f03c3e5fdfdeddb0f013,processing,0,,
AppointmentCanceled_67f3f03c3e5fdfdeddb0f013_1744219959812,2025-04-09T17:32:44.303Z,,,completed,0,2025-04-09T17:32:44.303Z,
AppointmentCreated_67f6af3d402a11cd3214ffca_1744219971663,2025-04-09T17:32:51.663Z,AppointmentCreated,67f6af3d402a11cd3214ffca,processing,0,,
AppointmentCreated_67f6af3d402a11cd3214ffca_1744219971663,2025-04-09T17:32:52.300Z,,,completed,0,2025-04-09T17:32:52.300Z,
AppointmentCanceled_6791120014137c99cad6ba9f_1744220025539,2025-04-09T17:33:45.716Z,AppointmentCanceled,6791120014137c99cad6ba9f,processing,0,,
AppointmentCreated_67f6af95e647d7b5bdcd4d47_1744220062024,2025-04-09T17:34:22.024Z,AppointmentCreated,67f6af95e647d7b5bdcd4d47,processing,0,,
AppointmentCreated_67f6af95e647d7b5bdcd4d47_1744220062024,2025-04-09T17:34:22.792Z,,,completed,0,2025-04-09T17:34:22.792Z,
AppointmentCanceled_67c5b4a8c72c940491182962_1744220080052,2025-04-09T17:34:40.052Z,AppointmentCanceled,67c5b4a8c72c940491182962,processing,0,,
AppointmentCanceled_67c5b4a8c72c940491182962_1744220080052,2025-04-09T17:34:44.256Z,,,completed,0,2025-04-09T17:34:44.256Z,
AppointmentCreated_67f6afbe8b5caf8e95ae1494_1744220100709,2025-04-09T17:35:00.899Z,AppointmentCreated,67f6afbe8b5caf8e95ae1494,processing,0,,
AppointmentCanceled_67e59d90205bb807f49f4aca_1744220123153,2025-04-09T17:35:23.153Z,AppointmentCanceled,67e59d90205bb807f49f4aca,processing,0,,
AppointmentCanceled_67e59d90205bb807f49f4aca_1744220123153,2025-04-09T17:35:27.238Z,,,completed,0,2025-04-09T17:35:27.238Z,
AppointmentCreated_67f6afe78b5caf8e95ae15e4_1744220141296,2025-04-09T17:35:41.296Z,AppointmentCreated,67f6afe78b5caf8e95ae15e4,processing,0,,
AppointmentCreated_67f6afe78b5caf8e95ae15e4_1744220141296,2025-04-09T17:35:41.983Z,,,completed,0,2025-04-09T17:35:41.983Z,
AppointmentDeleted_64d114153b1ff57e65bb726e_1744220188310,2025-04-09T17:36:28.510Z,AppointmentDeleted,64d114153b1ff57e65bb726e,processing,0,,
AppointmentCreated_67f6b0375c2c0d4297c59d0f_1744220220784,2025-04-09T17:37:00.784Z,AppointmentCreated,67f6b0375c2c0d4297c59d0f,processing,0,,
AppointmentCreated_67f6b0375c2c0d4297c59d0f_1744220220784,2025-04-09T17:37:01.601Z,,,completed,0,2025-04-09T17:37:01.601Z,
AppointmentRescheduled_67f6b0375c2c0d4297c59d0f_1744220234093,2025-04-09T17:37:14.093Z,AppointmentRescheduled,67f6b0375c2c0d4297c59d0f,processing,0,,
AppointmentRescheduled_67f6b0375c2c0d4297c59d0f_1744220234093,2025-04-09T17:37:15.100Z,,,completed,0,2025-04-09T17:37:15.100Z,
AppointmentCreated_67f6bea0a26f0a6a73023a90_1744223911317,2025-04-09T18:38:32.732Z,AppointmentCreated,67f6bea0a26f0a6a73023a90,processing,0,,
AppointmentCreated_67f6c58221324a74325045a7_1744225671977,2025-04-09T19:07:53.672Z,AppointmentCreated,67f6c58221324a74325045a7,processing,0,,
AppointmentCreated_67f6d2545f697dc8fc5a5f22_1744228955499,2025-04-09T20:02:36.523Z,AppointmentCreated,67f6d2545f697dc8fc5a5f22,processing,0,,
AppointmentDeleted_67b8dbf6e159d0f4beacc313_1744235478669,2025-04-09T21:51:19.742Z,AppointmentDeleted,67b8dbf6e159d0f4beacc313,processing,0,,
AppointmentCreated_67f70080a26f0a6a7303efef_1744240775148,2025-04-09T23:19:36.675Z,AppointmentCreated,67f70080a26f0a6a7303efef,processing,0,,
AppointmentCanceled_67d09d694b61df5e0a291572_1744249202176,2025-04-10T01:40:03.979Z,AppointmentCanceled,67d09d694b61df5e0a291572,processing,0,,
AppointmentRescheduled_67c701b0603c6f7c521f3429_1744286113446,2025-04-10T11:55:14.021Z,AppointmentRescheduled,67c701b0603c6f7c521f3429,processing,0,,
AppointmentRescheduled_67f6c58221324a74325045a7_1744287189286,2025-04-10T12:13:09.760Z,AppointmentRescheduled,67f6c58221324a74325045a7,processing,0,,
AppointmentCreated_67f7c19e2f6323ec7a9158ae_1744290214242,2025-04-10T13:03:35.887Z,AppointmentCreated,67f7c19e2f6323ec7a9158ae,processing,0,,
AppointmentCreated_67f7df6a54000cfe9dd74f1e_1744297841820,2025-04-10T15:10:42.370Z,AppointmentCreated,67f7df6a54000cfe9dd74f1e,processing,0,,
AppointmentCreated_67f7eee1851fd163151dac73_1744301799658,2025-04-10T16:16:41.429Z,AppointmentCreated,67f7eee1851fd163151dac73,processing,0,,
AppointmentRescheduled_67f7eee1851fd163151dac73_1744301864217,2025-04-10T16:17:44.413Z,AppointmentRescheduled,67f7eee1851fd163151dac73,processing,0,,
AppointmentCreated_67f7f88754000cfe9dd80f73_1744304268771,2025-04-10T16:57:49.954Z,AppointmentCreated,67f7f88754000cfe9dd80f73,processing,0,,
AppointmentCreated_67f80c2254000cfe9dd8b1f4_1744309289017,2025-04-10T18:21:31.041Z,AppointmentCreated,67f80c2254000cfe9dd8b1f4,processing,0,,
AppointmentDeleted_67cf04b21275470da62b5b3b_1744312355726,2025-04-10T19:12:37.126Z,AppointmentDeleted,67cf04b21275470da62b5b3b,processing,0,,
AppointmentCanceled_67f0444d93019c72879a1d56_1744312378388,2025-04-10T19:12:58.389Z,AppointmentCanceled,67f0444d93019c72879a1d56,processing,0,,
AppointmentCanceled_67f0444d93019c72879a1d56_1744312378388,2025-04-10T19:13:00.016Z,,,completed,0,2025-04-10T19:13:00.016Z,
AppointmentCreated_67f8260c01079d9f523d94c5_1744315922015,2025-04-10T20:12:03.061Z,AppointmentCreated,67f8260c01079d9f523d94c5,processing,0,,
AppointmentCreated_67f8261b634dbf94331ce4cb_1744315937854,2025-04-10T20:12:17.854Z,AppointmentCreated,67f8261b634dbf94331ce4cb,processing,0,,
AppointmentCreated_67f8261b634dbf94331ce4cb_1744315937854,2025-04-10T20:12:18.569Z,,,completed,0,2025-04-10T20:12:18.569Z,
AppointmentCreated_67f8262b634dbf94331ce539_1744315953084,2025-04-10T20:12:33.084Z,AppointmentCreated,67f8262b634dbf94331ce539,processing,0,,
AppointmentCreated_67f8262b634dbf94331ce539_1744315953084,2025-04-10T20:12:33.841Z,,,completed,0,2025-04-10T20:12:33.841Z,
AppointmentCreated_67f826387e096bc647bfb20c_1744315966999,2025-04-10T20:12:46.999Z,AppointmentCreated,67f826387e096bc647bfb20c,processing,0,,
AppointmentCreated_67f826387e096bc647bfb20c_1744315966999,2025-04-10T20:12:47.762Z,,,completed,0,2025-04-10T20:12:47.762Z,
AppointmentCreated_67f8264601079d9f523d965a_1744315980204,2025-04-10T20:13:00.204Z,AppointmentCreated,67f8264601079d9f523d965a,processing,0,,
AppointmentCreated_67f8264601079d9f523d965a_1744315980204,2025-04-10T20:13:00.983Z,,,completed,0,2025-04-10T20:13:00.983Z,
AppointmentCreated_67f826522f46c7971fe23e05_1744315991775,2025-04-10T20:13:11.956Z,AppointmentCreated,67f826522f46c7971fe23e05,processing,0,,
AppointmentCreated_67f826612f6323ec7a9255af_1744316006964,2025-04-10T20:13:26.965Z,AppointmentCreated,67f826612f6323ec7a9255af,processing,0,,
AppointmentCreated_67f826612f6323ec7a9255af_1744316006964,2025-04-10T20:13:27.668Z,,,completed,0,2025-04-10T20:13:27.668Z,
AppointmentCreated_67f82676634dbf94331ce73e_1744316030039,2025-04-10T20:13:50.039Z,AppointmentCreated,67f82676634dbf94331ce73e,processing,0,,
AppointmentCreated_67f82676634dbf94331ce73e_1744316030039,2025-04-10T20:13:50.777Z,,,completed,0,2025-04-10T20:13:50.777Z,
AppointmentConfirmed_67f8260c01079d9f523d94c5_1744317326288,2025-04-10T20:35:27.254Z,AppointmentConfirmed,67f8260c01079d9f523d94c5,processing,0,,
AppointmentConfirmed_67f8261b634dbf94331ce4cb_1744317335445,2025-04-10T20:35:35.445Z,AppointmentConfirmed,67f8261b634dbf94331ce4cb,processing,0,,
AppointmentConfirmed_67f8261b634dbf94331ce4cb_1744317335445,2025-04-10T20:35:36.124Z,,,completed,0,2025-04-10T20:35:36.124Z,
AppointmentConfirmed_67f8262b634dbf94331ce539_1744317345259,2025-04-10T20:35:45.259Z,AppointmentConfirmed,67f8262b634dbf94331ce539,processing,0,,
AppointmentConfirmed_67f8262b634dbf94331ce539_1744317345259,2025-04-10T20:35:45.968Z,,,completed,0,2025-04-10T20:35:45.968Z,
AppointmentConfirmed_67f826387e096bc647bfb20c_1744317355903,2025-04-10T20:35:55.903Z,AppointmentConfirmed,67f826387e096bc647bfb20c,processing,0,,
AppointmentConfirmed_67f826387e096bc647bfb20c_1744317355903,2025-04-10T20:35:56.682Z,,,completed,0,2025-04-10T20:35:56.682Z,
AppointmentConfirmed_67f8264601079d9f523d965a_1744317366490,2025-04-10T20:36:06.490Z,AppointmentConfirmed,67f8264601079d9f523d965a,processing,0,,
AppointmentConfirmed_67f8264601079d9f523d965a_1744317366490,2025-04-10T20:36:07.253Z,,,completed,0,2025-04-10T20:36:07.253Z,
AppointmentConfirmed_67f82676634dbf94331ce73e_1744317374302,2025-04-10T20:36:14.302Z,AppointmentConfirmed,67f82676634dbf94331ce73e,processing,0,,
AppointmentConfirmed_67f82676634dbf94331ce73e_1744317374302,2025-04-10T20:36:14.960Z,,,completed,0,2025-04-10T20:36:14.960Z,
AppointmentCreated_67f82f87fe0805d8f06fa1cb_1744318349728,2025-04-10T20:52:30.799Z,AppointmentCreated,67f82f87fe0805d8f06fa1cb,processing,0,,
AppointmentCreated_67f912851726f9bbf67feba0_1744376459442,2025-04-11T13:01:00.248Z,AppointmentCreated,67f912851726f9bbf67feba0,processing,0,,
Intake Submitted-form-3687646b-1f59-4707-a592-4545ba9969f6--f7fb39a8,2025-04-11T13:30:18.580Z,Intake Submitted,3687646b-1f59-4707-a592-4545ba9969f6,processing,0,,
AppointmentCreated_67f920e5837583e4272954e0_1744380139254,2025-04-11T14:02:20.888Z,AppointmentCreated,67f920e5837583e4272954e0,processing,0,,
AppointmentCreated_67f939939f38b669902db74f_1744386458596,2025-04-11T15:47:39.269Z,AppointmentCreated,67f939939f38b669902db74f,processing,0,,
Intake Submitted-form-aa9b5449-3362-4390-9dbb-1397c008c21d--80b2e42b,2025-04-11T16:38:58.720Z,Intake Submitted,aa9b5449-3362-4390-9dbb-1397c008c21d,processing,0,,
AppointmentCreated_67f94fed7d30da78cb864080_1744392179753,2025-04-11T17:23:01.414Z,AppointmentCreated,67f94fed7d30da78cb864080,processing,0,,
AppointmentCanceled_67c2251117016a1425e9bd84_1744392320244,2025-04-11T17:25:20.476Z,AppointmentCanceled,67c2251117016a1425e9bd84,processing,0,,
AppointmentCreated_67f9737e1726f9bbf6826333_1744401284474,2025-04-11T19:54:45.626Z,AppointmentCreated,67f9737e1726f9bbf6826333,processing,0,,
AppointmentCreated_67fbf2d0e922571d7e4930e4_1744564951962,2025-04-13T17:22:33.011Z,AppointmentCreated,67fbf2d0e922571d7e4930e4,processing,0,,
AppointmentCreated_67fc2595bb571fd2557a4420_1744577955237,2025-04-13T20:59:16.604Z,AppointmentCreated,67fc2595bb571fd2557a4420,processing,0,,
AppointmentCreated_67fc288b656283b1358c44e2_1744578711957,2025-04-13T21:11:54.272Z,AppointmentCreated,67fc288b656283b1358c44e2,processing,0,,
AppointmentCanceled_67c749e65a72d45d44d3c852_1744586084220,2025-04-13T23:14:45.832Z,AppointmentCanceled,67c749e65a72d45d44d3c852,processing,0,,
AppointmentCreated_67fd1128ce3f8a9355d49386_1744638257929,2025-04-14T13:44:18.763Z,AppointmentCreated,67fd1128ce3f8a9355d49386,processing,0,,
AppointmentCreated_67fd15f0313f332dcfd6f550_1744639478780,2025-04-14T14:04:40.504Z,AppointmentCreated,67fd15f0313f332dcfd6f550,processing,0,,
AppointmentCreated_67fd160cce3f8a9355d4b8d3_1744639506419,2025-04-14T14:05:06.420Z,AppointmentCreated,67fd160cce3f8a9355d4b8d3,processing,0,,
AppointmentCreated_67fd160cce3f8a9355d4b8d3_1744639506419,2025-04-14T14:05:07.451Z,,,completed,0,2025-04-14T14:05:07.451Z,
AppointmentRescheduled_67784c6d2848a011d64dcbc0_1744644117912,2025-04-14T15:21:59.116Z,AppointmentRescheduled,67784c6d2848a011d64dcbc0,processing,0,,
AppointmentCreated_67fd3d21614d23f8b0c5274a_1744649515770,2025-04-14T16:51:56.788Z,AppointmentCreated,67fd3d21614d23f8b0c5274a,processing,0,,
AppointmentCreated_67fd3fa5313f332dcfd8613b_1744650156212,2025-04-14T17:02:37.140Z,AppointmentCreated,67fd3fa5313f332dcfd8613b,processing,0,,
AppointmentCreated_67fd436a211218516cfeb53d_1744651121476,2025-04-14T17:18:42.555Z,AppointmentCreated,67fd436a211218516cfeb53d,processing,0,,
AppointmentCanceled_67dda51f9f0abc9065dd9b73_1744651207579,2025-04-14T17:20:07.910Z,AppointmentCanceled,67dda51f9f0abc9065dd9b73,processing,0,,
AppointmentDeleted_67c749e75a72d45d44d3c85b_1744651217813,2025-04-14T17:20:17.813Z,AppointmentDeleted,67c749e75a72d45d44d3c85b,processing,0,,
AppointmentDeleted_67c749e85a72d45d44d3c85e_1744651218774,2025-04-14T17:20:18.775Z,AppointmentDeleted,67c749e85a72d45d44d3c85e,processing,0,,
AppointmentDeleted_67c749e85a72d45d44d3c866_1744651218812,2025-04-14T17:20:18.812Z,AppointmentDeleted,67c749e85a72d45d44d3c866,processing,0,,
AppointmentDeleted_67c749e75a72d45d44d3c85b_1744651217813,2025-04-14T17:20:19.218Z,,,completed,0,2025-04-14T17:20:19.218Z,
AppointmentDeleted_67c749e95a72d45d44d3c86f_1744651219405,2025-04-14T17:20:19.405Z,AppointmentDeleted,67c749e95a72d45d44d3c86f,processing,0,,
AppointmentDeleted_67c749e95a72d45d44d3c87a_1744651220155,2025-04-14T17:20:20.155Z,AppointmentDeleted,67c749e95a72d45d44d3c87a,processing,0,,
AppointmentDeleted_67dda5209f0abc9065dd9b80_1744651220607,2025-04-14T17:20:20.607Z,AppointmentDeleted,67dda5209f0abc9065dd9b80,processing,0,,
AppointmentDeleted_67dda5219f0abc9065dd9b95_1744651221048,2025-04-14T17:20:21.048Z,AppointmentDeleted,67dda5219f0abc9065dd9b95,processing,0,,
AppointmentDeleted_67c749e95a72d45d44d3c86f_1744651219405,2025-04-14T17:20:20.985Z,,,completed,0,2025-04-14T17:20:20.985Z,
AppointmentDeleted_67dda5229f0abc9065dd9b9e_1744651221527,2025-04-14T17:20:21.529Z,AppointmentDeleted,67dda5229f0abc9065dd9b9e,processing,0,,
AppointmentDeleted_67c749e95a72d45d44d3c87a_1744651220155,2025-04-14T17:20:21.877Z,,,completed,0,2025-04-14T17:20:21.877Z,
AppointmentDeleted_67dda578931b4145de61657d_1744651222212,2025-04-14T17:20:22.213Z,AppointmentDeleted,67dda578931b4145de61657d,processing,0,,
AppointmentDeleted_67dda579931b4145de616586_1744651222879,2025-04-14T17:20:22.879Z,AppointmentDeleted,67dda579931b4145de616586,processing,0,,
AppointmentDeleted_67dda5209f0abc9065dd9b80_1744651220607,2025-04-14T17:20:23.180Z,,,completed,0,2025-04-14T17:20:23.180Z,
AppointmentDeleted_67dda5229f0abc9065dd9b9e_1744651221527,2025-04-14T17:20:23.239Z,,,completed,0,2025-04-14T17:20:23.239Z,
AppointmentDeleted_67dda578931b4145de61657d_1744651222212,2025-04-14T17:20:23.497Z,,,completed,0,2025-04-14T17:20:23.497Z,
AppointmentDeleted_67dda579931b4145de616586_1744651222879,2025-04-14T17:20:24.768Z,,,completed,0,2025-04-14T17:20:24.768Z,
AppointmentCanceled_67c749e75a72d45d44d3c855_1744651237597,2025-04-14T17:20:37.597Z,AppointmentCanceled,67c749e75a72d45d44d3c855,processing,0,,
AppointmentCanceled_67c749e75a72d45d44d3c855_1744651237597,2025-04-14T17:20:45.089Z,,,completed,0,2025-04-14T17:20:45.089Z,
AppointmentRescheduled_67d1d9bff109c797ac7d40c4_1744652314896,2025-04-14T17:38:35.808Z,AppointmentRescheduled,67d1d9bff109c797ac7d40c4,processing,0,,
Note Locked---31cd7559,2025-04-14T17:45:03.757Z,Note Locked,,processing,0,,
AppointmentCreated_67fd4bd1313f332dcfd8c2d4_1744653272036,2025-04-14T17:54:32.893Z,AppointmentCreated,67fd4bd1313f332dcfd8c2d4,processing,0,,
AppointmentRescheduled_67ec35b5252f16ec70d96d8a_1744653669800,2025-04-14T18:01:10.236Z,AppointmentRescheduled,67ec35b5252f16ec70d96d8a,processing,0,,
AppointmentCreated_67fd4d70614d23f8b0c5ad65_1744653686620,2025-04-14T18:01:26.620Z,AppointmentCreated,67fd4d70614d23f8b0c5ad65,processing,0,,
AppointmentCreated_67fd4d70614d23f8b0c5ad65_1744653686620,2025-04-14T18:01:27.629Z,,,completed,0,2025-04-14T18:01:27.629Z,
AppointmentCreated_67fd5b62af1c9751244f21f7_1744657256846,2025-04-14T19:00:58.679Z,AppointmentCreated,67fd5b62af1c9751244f21f7,processing,0,,
AppointmentCreated_67fd5b8caf1c9751244f23cc_1744657299191,2025-04-14T19:01:39.191Z,AppointmentCreated,67fd5b8caf1c9751244f23cc,processing,0,,
AppointmentCreated_67fd5b8caf1c9751244f23cc_1744657299191,2025-04-14T19:01:39.869Z,,,completed,0,2025-04-14T19:01:39.869Z,
AppointmentCreated_67fd5c6419085f722980124c_1744657513894,2025-04-14T19:05:13.894Z,AppointmentCreated,67fd5c6419085f722980124c,processing,0,,
AppointmentCreated_67fd5c6519085f722980125b_1744657514860,2025-04-14T19:05:14.860Z,AppointmentCreated,67fd5c6519085f722980125b,completed,0,2025-04-14T19:05:19.612Z,
AppointmentCreated_67fd5c6519085f722980125f_1744657515281,2025-04-14T19:05:15.281Z,AppointmentCreated,67fd5c6519085f722980125f,completed,0,2025-04-14T19:05:19.529Z,
AppointmentCreated_67fd5c6619085f7229801266_1744657515644,2025-04-14T19:05:15.644Z,AppointmentCreated,67fd5c6619085f7229801266,completed,0,2025-04-14T19:05:19.531Z,
AppointmentCreated_67fd5c6619085f722980126e_1744657516265,2025-04-14T19:05:16.265Z,AppointmentCreated,67fd5c6619085f722980126e,completed,0,2025-04-14T19:05:19.609Z,
AppointmentCreated_67fd5c6719085f7229801274_1744657517046,2025-04-14T19:05:17.046Z,AppointmentCreated,67fd5c6719085f7229801274,completed,0,2025-04-14T19:05:19.540Z,
AppointmentCreated_67fd5c6419085f7229801254_1744657514503,2025-04-14T19:05:19.532Z,,,completed,0,2025-04-14T19:05:21.122Z,
AppointmentCreated_67fd5c6719085f7229801271_1744657516554,2025-04-14T19:05:21.259Z,,,completed,0,2025-04-14T19:05:21.259Z,
AppointmentCreated_67fd5fd19c7534cdc9c9de15_1744658391970,2025-04-14T19:19:53.580Z,AppointmentCreated,67fd5fd19c7534cdc9c9de15,processing,0,,
AppointmentCreated_67fd6e50211218516cffaced_1744662221573,2025-04-14T20:23:43.153Z,AppointmentCreated,67fd6e50211218516cffaced,processing,0,,
AppointmentCreated_67fd6f6bcd18a36683be1fc0_1744662385192,2025-04-14T20:26:25.471Z,AppointmentCreated,67fd6f6bcd18a36683be1fc0,processing,0,,
AppointmentCreated_67fd701a9c7534cdc9ca5d8c_1744662561159,2025-04-14T20:29:21.584Z,AppointmentCreated,67fd701a9c7534cdc9ca5d8c,processing,0,,
AppointmentCreated_67fd90fe614d23f8b0c7b44d_1744670980721,2025-04-14T22:49:41.162Z,AppointmentCreated,67fd90fe614d23f8b0c7b44d,processing,0,,
AppointmentCreated_67fe4cc74226f7d2e5170140_1744719056452,2025-04-15T12:10:58.064Z,AppointmentCreated,67fe4cc74226f7d2e5170140,processing,0,,
Intake Submitted-form-425c1a9f-b520-4883-955e-eedd3ef95c17--7e9d8202,2025-04-15T12:40:55.868Z,Intake Submitted,425c1a9f-b520-4883-955e-eedd3ef95c17,processing,0,,
AppointmentRescheduled_67c7085f5a72d45d44d149e3_1744724830705,2025-04-15T13:47:11.348Z,AppointmentRescheduled,67c7085f5a72d45d44d149e3,processing,0,,
AppointmentRescheduled_67c7085f5a72d45d44d149eb_1744724840519,2025-04-15T13:47:20.519Z,AppointmentRescheduled,67c7085f5a72d45d44d149eb,processing,0,,
AppointmentRescheduled_67c7085f5a72d45d44d149eb_1744724840519,2025-04-15T13:47:21.333Z,,,completed,0,2025-04-15T13:47:21.333Z,
AppointmentRescheduled_67c708605a72d45d44d149ee_1744724854755,2025-04-15T13:47:34.755Z,AppointmentRescheduled,67c708605a72d45d44d149ee,processing,0,,
AppointmentRescheduled_67c708605a72d45d44d149ee_1744724854755,2025-04-15T13:47:35.536Z,,,completed,0,2025-04-15T13:47:35.536Z,
AppointmentRescheduled_67c708605a72d45d44d149f4_1744724860722,2025-04-15T13:47:40.722Z,AppointmentRescheduled,67c708605a72d45d44d149f4,processing,0,,
AppointmentRescheduled_67c708605a72d45d44d149f4_1744724860722,2025-04-15T13:47:41.438Z,,,completed,0,2025-04-15T13:47:41.438Z,
AppointmentRescheduled_67c708625a72d45d44d14a04_1744724889352,2025-04-15T13:48:09.352Z,AppointmentRescheduled,67c708625a72d45d44d14a04,processing,0,,
AppointmentRescheduled_67c708625a72d45d44d14a04_1744724889352,2025-04-15T13:48:10.105Z,,,completed,0,2025-04-15T13:48:10.105Z,
AppointmentRescheduled_67c708625a72d45d44d14a0b_1744724898378,2025-04-15T13:48:18.576Z,AppointmentRescheduled,67c708625a72d45d44d14a0b,processing,0,,
AppointmentRescheduled_67c708635a72d45d44d14a0f_1744724909038,2025-04-15T13:48:29.038Z,AppointmentRescheduled,67c708635a72d45d44d14a0f,processing,0,,
AppointmentRescheduled_67c708635a72d45d44d14a0f_1744724909038,2025-04-15T13:48:29.773Z,,,completed,0,2025-04-15T13:48:29.773Z,
AppointmentDeleted_67c7085f5a72d45d44d149e3_1744724941024,2025-04-15T13:49:01.024Z,AppointmentDeleted,67c7085f5a72d45d44d149e3,processing,0,,
AppointmentDeleted_67c7085f5a72d45d44d149e3_1744724941024,2025-04-15T13:49:02.737Z,,,completed,0,2025-04-15T13:49:02.737Z,
AppointmentCreated_67fe6424b23568658e544f78_1744725033851,2025-04-15T13:50:34.035Z,AppointmentCreated,67fe6424b23568658e544f78,processing,0,,
AppointmentCanceled_67fe6424b23568658e544f78_1744725315292,2025-04-15T13:55:15.519Z,AppointmentCanceled,67fe6424b23568658e544f78,processing,0,,
AppointmentCreated_67fe6e584226f7d2e517bfe9_1744727645880,2025-04-15T14:34:06.202Z,AppointmentCreated,67fe6e584226f7d2e517bfe9,processing,0,,
AppointmentCreated_67fe82579503305ce5cd97b4_1744732767459,2025-04-15T15:59:28.665Z,AppointmentCreated,67fe82579503305ce5cd97b4,processing,0,,
AppointmentConfirmed_67fe4cc74226f7d2e5170140_1744733771278,2025-04-15T16:16:12.379Z,AppointmentConfirmed,67fe4cc74226f7d2e5170140,processing,0,,
AppointmentConfirmed_67fd6e50211218516cffaced_1744733998539,2025-04-15T16:19:58.963Z,AppointmentConfirmed,67fd6e50211218516cffaced,processing,0,,
AppointmentCreated_67fe8a13fe20a0e872adc8fd_1744734745281,2025-04-15T16:32:26.334Z,AppointmentCreated,67fe8a13fe20a0e872adc8fd,processing,0,,
AppointmentRescheduled_67e3f37fc021e28ca9aa61b1_1744737333441,2025-04-15T17:15:35.123Z,AppointmentRescheduled,67e3f37fc021e28ca9aa61b1,processing,0,,
AppointmentCanceled_67dda51e9f0abc9065dd9b6d_1744746059773,2025-04-15T19:41:01.353Z,AppointmentCanceled,67dda51e9f0abc9065dd9b6d,processing,0,,
AppointmentCreated_67fedbdcd6648c7549dea1f9_1744755686070,2025-04-15T22:21:27.895Z,AppointmentCreated,67fedbdcd6648c7549dea1f9,processing,0,,
AppointmentCreated_67feec33b23568658e583ade_1744759865047,2025-04-15T23:31:06.604Z,AppointmentCreated,67feec33b23568658e583ade,processing,0,,
AppointmentCreated_67fef78a33178c7faa73efca_1744762767667,2025-04-16T00:19:28.950Z,AppointmentCreated,67fef78a33178c7faa73efca,processing,0,,
AppointmentCreated_67fef78d33178c7faa73efe1_1744762771165,2025-04-16T00:19:31.165Z,AppointmentCreated,67fef78d33178c7faa73efe1,completed,0,2025-04-16T00:19:39.490Z,
AppointmentCreated_67fef78b33178c7faa73efd5_1744762769015,2025-04-16T00:19:39.038Z,,,completed,0,2025-04-16T00:19:39.493Z,
AppointmentCreated_67fef78a33178c7faa73efd1_1744762768075,2025-04-16T00:19:39.243Z,,,completed,0,2025-04-16T00:19:39.243Z,
AppointmentCreated_67fef78c33178c7faa73efde_1744762770239,2025-04-16T00:19:39.509Z,,,completed,0,2025-04-16T00:19:39.509Z,
AppointmentCreated_67fef8519503305ce5cfb738_1744762970906,2025-04-16T00:22:51.237Z,AppointmentCreated,67fef8519503305ce5cfb738,processing,0,,
,,,,completed,0,2025-04-16T00:22:52.641Z,